{
  "rmse": 0.14105422794818878,
  "mae": 0.07841379940509796,
  "f1": 0.6666666666666666
}